,dep_delay,arr_delay,total_delay,distance,air_time
dep_delay,1.0,0.9140145642829323,0.9758134875514866,-0.019976431776316177,-0.02058290000757268
arr_delay,0.9140145642829323,1.0,0.9805916154707134,-0.061847915726290247,-0.03526405877846324
total_delay,0.9758134875514866,0.9805916154707134,1.0,-0.04298165304224723,-0.028949822143775155
distance,-0.019976431776316177,-0.061847915726290247,-0.04298165304224723,1.0,0.990718396211347
air_time,-0.02058290000757268,-0.03526405877846324,-0.028949822143775155,0.990718396211347,1.0
